{
    "name": "there-is-my-ghost",
    "version": "0.16.5",
    "title": "There is my ghost",
    "author": "Jelmergu",
    "homepage": "https://github.com/Jelmergu/factorio-there-is-my-ghost",
    "factorio_version": "0.16",
    "dependencies": ["base >= 0.16.7"],
    "description": "This mod changes the way you interact with ghosts. You can no longer place a building over a ghost of a different building, which makes blueprints easier to plonk down without construction bots. Does not affect tile ghost"
}